,独自実装ガンマ関数,math.factorical,scipy.integrate.quad
2,0.9206584973335915,1,1.0000000000000002
3,1.9922918035691672,2,2.0
4,6.006515068931777,6,6.0
5,24.003334859194855,24,24.000000000000007
6,119.99782576988333,120,120.00000000000004
7,719.996933310408,720,720.0000000000001
8,5040.001152572001,5040,5040.000000000002
9,40320.00467878799,40320,40320.000000000015
10,362880.0000461379,362880,362880.00000000023
