,x0,x1,x2,label,label_index,識別関数の値,予測値y
0,1,1.5,1.0,A,1.0,2.5,0.9241418199787566
1,1,2.0,2.5,A,1.0,4.5,0.9890130573694068
2,1,3.0,3.0,A,1.0,6.0,0.9975273768433653
3,1,1.5,-2.0,A,1.0,-0.5,0.3775406687981454
4,1,0.5,2.0,A,1.0,2.5,0.9241418199787566
5,1,-1.0,-3.0,B,0.0,-4.0,0.01798620996209156
6,1,-2.0,-1.2,B,0.0,-3.2,0.039165722796764356
7,1,-3.0,-0.5,B,0.0,-3.5,0.02931223075135632
8,1,-1.5,2.0,B,0.0,0.5,0.6224593312018546
9,1,0.0,-1.5,B,0.0,-1.5,0.18242552380635635
